<?xml version="1.0" encoding="UTF-8"?><assessmentTest xmlns="http://www.imsglobal.org/xsd/imsqti_v2p1" identifier="assessment" title="Music Quiz"><testPart identifier="part1" navigationMode="linear" submissionMode="individual"><assessmentSection identifier="section1" title="Section 1" visible="true"><assessmentItem identifier="q1" title="Identify this scale: ```musicxml &lt;?xml version=&quot;1...." adaptive="false" timeDependent="false"><responseDeclaration identifier="RESPONSE" cardinality="single" baseType="identifier"><correctResponse><value>choice_0</value></correctResponse></responseDeclaration><outcomeDeclaration identifier="SCORE" cardinality="single" baseType="float"><defaultValue><value>0</value></defaultValue></outcomeDeclaration><itemBody><choiceInteraction responseIdentifier="RESPONSE" shuffle="true" maxChoices="1"><prompt>Identify this scale:
<img src="images/music_12389386236213674428.svg" alt="Music Notation"/></prompt><simpleChoice identifier="choice_0">C Major</simpleChoice><simpleChoice identifier="choice_1">G Major</simpleChoice></choiceInteraction></itemBody><responseProcessing template="http://www.imsglobal.org/question/qti_v2p1/rptemplates/match_correct"/></assessmentItem></assessmentSection></testPart></assessmentTest>