<?xml version="1.0" encoding="UTF-8"?><assessmentTest xmlns="http://www.imsglobal.org/xsd/imsqti_v2p1" identifier="assessment" title="Code Quiz"><testPart identifier="part1" navigationMode="linear" submissionMode="individual"><assessmentSection identifier="section1" title="Section 1" visible="true"><assessmentItem identifier="q1" title="What does this Rust code print? ```rust fn main() ..." adaptive="false" timeDependent="false"><responseDeclaration identifier="RESPONSE" cardinality="single" baseType="identifier"><correctResponse><value>choice_0</value></correctResponse></responseDeclaration><outcomeDeclaration identifier="SCORE" cardinality="single" baseType="float"><defaultValue><value>0</value></defaultValue></outcomeDeclaration><itemBody><choiceInteraction responseIdentifier="RESPONSE" shuffle="true" maxChoices="1"><prompt>What does this Rust code print?
<pre style="background-color:#ffffff;">
<span style="font-weight:bold;color:#a71d5d;">fn </span><span style="font-weight:bold;color:#795da3;">main</span><span style="color:#323232;">() {
</span><span style="color:#323232;">    </span><span style="font-weight:bold;color:#a71d5d;">let</span><span style="color:#323232;"> x </span><span style="font-weight:bold;color:#a71d5d;">= </span><span style="color:#0086b3;">5</span><span style="color:#323232;">;
</span><span style="color:#323232;">    println!(</span><span style="color:#183691;">&quot;x is </span><span style="color:#0086b3;">{}</span><span style="color:#183691;">&quot;</span><span style="color:#323232;">, x);
</span><span style="color:#323232;">}
</span></pre>
</prompt><simpleChoice identifier="choice_0">x is 5</simpleChoice><simpleChoice identifier="choice_1">x is x</simpleChoice></choiceInteraction></itemBody><responseProcessing template="http://www.imsglobal.org/question/qti_v2p1/rptemplates/match_correct"/></assessmentItem><assessmentItem identifier="q2" title="What is the output of this Python snippet? ```pyth..." adaptive="false" timeDependent="false"><responseDeclaration identifier="RESPONSE" cardinality="single" baseType="identifier"><correctResponse><value>choice_0</value></correctResponse></responseDeclaration><outcomeDeclaration identifier="SCORE" cardinality="single" baseType="float"><defaultValue><value>0</value></defaultValue></outcomeDeclaration><itemBody><choiceInteraction responseIdentifier="RESPONSE" shuffle="true" maxChoices="1"><prompt>What is the output of this Python snippet?
<pre style="background-color:#ffffff;">
<span style="font-weight:bold;color:#a71d5d;">def </span><span style="font-weight:bold;color:#323232;">greet</span><span style="color:#323232;">(name):
</span><span style="color:#323232;">    </span><span style="font-weight:bold;color:#a71d5d;">return f</span><span style="color:#183691;">&quot;Hello, </span><span style="color:#323232;">{name}</span><span style="color:#183691;">!&quot;
</span><span style="color:#62a35c;">print</span><span style="color:#323232;">(greet(</span><span style="color:#183691;">&quot;World&quot;</span><span style="color:#323232;">))
</span></pre>
</prompt><simpleChoice identifier="choice_0">Hello, World!</simpleChoice><simpleChoice identifier="choice_1">Hello, name!</simpleChoice></choiceInteraction></itemBody><responseProcessing template="http://www.imsglobal.org/question/qti_v2p1/rptemplates/match_correct"/></assessmentItem><assessmentItem identifier="q3" title="Identify the missing keyword in this Java code: ``..." adaptive="false" timeDependent="false"><responseDeclaration identifier="RESPONSE" cardinality="single" baseType="identifier"><correctResponse><value>choice_0</value></correctResponse></responseDeclaration><outcomeDeclaration identifier="SCORE" cardinality="single" baseType="float"><defaultValue><value>0</value></defaultValue></outcomeDeclaration><itemBody><choiceInteraction responseIdentifier="RESPONSE" shuffle="true" maxChoices="1"><prompt>Identify the missing keyword in this Java code:
<pre style="background-color:#ffffff;">
<span style="font-weight:bold;color:#a71d5d;">public</span><span style="color:#323232;"> _____ </span><span style="color:#0086b3;">HelloWorld </span><span style="color:#323232;">{
</span><span style="color:#323232;">    </span><span style="font-weight:bold;color:#a71d5d;">public static void </span><span style="color:#323232;">main(</span><span style="color:#0086b3;">String</span><span style="font-weight:bold;color:#a71d5d;">[]</span><span style="color:#323232;"> args) {
</span><span style="color:#323232;">        </span><span style="color:#0086b3;">System</span><span style="color:#323232;">.out.println(</span><span style="color:#183691;">&quot;Hello&quot;</span><span style="color:#323232;">);
</span><span style="color:#323232;">    }
</span><span style="color:#323232;">}
</span></pre>
</prompt><simpleChoice identifier="choice_0">class</simpleChoice><simpleChoice identifier="choice_1">void</simpleChoice><simpleChoice identifier="choice_2">static</simpleChoice></choiceInteraction></itemBody><responseProcessing template="http://www.imsglobal.org/question/qti_v2p1/rptemplates/match_correct"/></assessmentItem></assessmentSection></testPart></assessmentTest>