<?xml version="1.0" encoding="UTF-8"?><assessmentTest xmlns="http://www.imsglobal.org/xsd/imsqti_v2p1" identifier="assessment" title="Image Quiz"><testPart identifier="part1" navigationMode="linear" submissionMode="individual"><assessmentSection identifier="section1" title="Section 1" visible="true"><assessmentItem identifier="q1" title="What language is this logo for? ![Rust Logo](rust-..." adaptive="false" timeDependent="false"><responseDeclaration identifier="RESPONSE" cardinality="single" baseType="identifier"><correctResponse><value>choice_0</value></correctResponse></responseDeclaration><outcomeDeclaration identifier="SCORE" cardinality="single" baseType="float"><defaultValue><value>0</value></defaultValue></outcomeDeclaration><itemBody><choiceInteraction responseIdentifier="RESPONSE" shuffle="true" maxChoices="1"><prompt>What language is this logo for?
<img src="images/rust-logo.png" alt="Rust Logo"/></prompt><simpleChoice identifier="choice_0">Rust</simpleChoice><simpleChoice identifier="choice_1">Go</simpleChoice><simpleChoice identifier="choice_2">C++</simpleChoice></choiceInteraction></itemBody><responseProcessing template="http://www.imsglobal.org/question/qti_v2p1/rptemplates/match_correct"/></assessmentItem><assessmentItem identifier="q2" title="Identify this missing alt text image: ![](rust-log..." adaptive="false" timeDependent="false"><responseDeclaration identifier="RESPONSE" cardinality="single" baseType="identifier"><correctResponse><value>choice_0</value></correctResponse></responseDeclaration><outcomeDeclaration identifier="SCORE" cardinality="single" baseType="float"><defaultValue><value>0</value></defaultValue></outcomeDeclaration><itemBody><choiceInteraction responseIdentifier="RESPONSE" shuffle="true" maxChoices="1"><prompt>Identify this missing alt text image:
<img src="images/rust-logo.png" alt=""/></prompt><simpleChoice identifier="choice_0">It&apos;s Rust</simpleChoice></choiceInteraction></itemBody><responseProcessing template="http://www.imsglobal.org/question/qti_v2p1/rptemplates/match_correct"/></assessmentItem></assessmentSection></testPart></assessmentTest>