<?xml version="1.0" encoding="UTF-8"?><assessmentTest xmlns="http://www.imsglobal.org/xsd/imsqti_v2p1" identifier="assessment" title="Math Quiz"><testPart identifier="part1" navigationMode="linear" submissionMode="individual"><assessmentSection identifier="section1" title="Section 1" visible="true"><assessmentItem identifier="q1" title="Solve for $x$: $x^2 - 4 = 0$" adaptive="false" timeDependent="false"><responseDeclaration identifier="RESPONSE" cardinality="single" baseType="identifier"><correctResponse><value>choice_0</value></correctResponse></responseDeclaration><outcomeDeclaration identifier="SCORE" cardinality="single" baseType="float"><defaultValue><value>0</value></defaultValue></outcomeDeclaration><itemBody><choiceInteraction responseIdentifier="RESPONSE" shuffle="true" maxChoices="1"><prompt>Solve for <math xmlns="http://www.w3.org/1998/Math/MathML" display="inline"><mi>x</mi></math>: <math xmlns="http://www.w3.org/1998/Math/MathML" display="inline"><msup><mi>x</mi><mn>2</mn></msup><mo>-</mo><mn>4</mn><mo>=</mo><mn>0</mn></math></prompt><simpleChoice identifier="choice_0"><math xmlns="http://www.w3.org/1998/Math/MathML" display="inline"><mi>x</mi><mo>=</mo><mo>±</mo><mn>2</mn></math></simpleChoice><simpleChoice identifier="choice_1"><math xmlns="http://www.w3.org/1998/Math/MathML" display="inline"><mi>x</mi><mo>=</mo><mn>4</mn></math></simpleChoice><simpleChoice identifier="choice_2"><math xmlns="http://www.w3.org/1998/Math/MathML" display="inline"><mi>x</mi><mo>=</mo><mn>2</mn></math></simpleChoice></choiceInteraction></itemBody><responseProcessing template="http://www.imsglobal.org/question/qti_v2p1/rptemplates/match_correct"/></assessmentItem><assessmentItem identifier="q2" title="What is the quadratic formula for $ax^2 + bx + c =..." adaptive="false" timeDependent="false"><responseDeclaration identifier="RESPONSE" cardinality="single" baseType="string"></responseDeclaration><outcomeDeclaration identifier="SCORE" cardinality="single" baseType="float"><defaultValue><value>0</value></defaultValue></outcomeDeclaration><itemBody><p>What is the quadratic formula for <math xmlns="http://www.w3.org/1998/Math/MathML" display="inline"><mi>a</mi><msup><mi>x</mi><mn>2</mn></msup><mo>+</mo><mi>b</mi><mi>x</mi><mo>+</mo><mi>c</mi><mo>=</mo><mn>0</mn></math>?</p></itemBody><responseProcessing/></assessmentItem></assessmentSection></testPart></assessmentTest>