<?xml version="1.0" encoding="UTF-8"?><assessmentTest xmlns="http://www.imsglobal.org/xsd/imsqti_v2p1" identifier="assessment" title="Chemistry Quiz"><testPart identifier="part1" navigationMode="linear" submissionMode="individual"><assessmentSection identifier="section1" title="Section 1" visible="true"><assessmentItem identifier="q1" title="What is the formula for water?" adaptive="false" timeDependent="false"><responseDeclaration identifier="RESPONSE" cardinality="single" baseType="string"></responseDeclaration><outcomeDeclaration identifier="SCORE" cardinality="single" baseType="float"><defaultValue><value>0</value></defaultValue></outcomeDeclaration><itemBody><p>What is the formula for water?</p></itemBody><responseProcessing/></assessmentItem><assessmentItem identifier="q2" title="Balance the equation: \ce{CH4 + 2O2 -&gt; CO2 + 2H2O}" adaptive="false" timeDependent="false"><responseDeclaration identifier="RESPONSE" cardinality="single" baseType="identifier"><correctResponse><value>choice_0</value></correctResponse></responseDeclaration><outcomeDeclaration identifier="SCORE" cardinality="single" baseType="float"><defaultValue><value>0</value></defaultValue></outcomeDeclaration><itemBody><choiceInteraction responseIdentifier="RESPONSE" shuffle="true" maxChoices="1"><prompt>Balance the equation: <math xmlns="http://www.w3.org/1998/Math/MathML" display="inline"><mrow><mi mathvariant="normal">C</mi><msub><mi>H</mi><mn>4</mn></msub><msub><mo>+</mo><mn>2</mn></msub><msub><mi>O</mi><mn>2</mn></msub></mrow><mo>→</mo><mrow><mi mathvariant="normal">C</mi><msub><mi>O</mi><mn>2</mn></msub><msub><mo>+</mo><mn>2</mn></msub><msub><mi>H</mi><mn>2</mn></msub><mi mathvariant="normal">O</mi></mrow></math></prompt><simpleChoice identifier="choice_0">Correct</simpleChoice><simpleChoice identifier="choice_1">Incorrect</simpleChoice></choiceInteraction></itemBody><responseProcessing template="http://www.imsglobal.org/question/qti_v2p1/rptemplates/match_correct"/></assessmentItem><assessmentItem identifier="q3" title="Identify the ion: \ce{SO4^2-}" adaptive="false" timeDependent="false"><responseDeclaration identifier="RESPONSE" cardinality="single" baseType="identifier"><correctResponse><value>choice_0</value></correctResponse></responseDeclaration><outcomeDeclaration identifier="SCORE" cardinality="single" baseType="float"><defaultValue><value>0</value></defaultValue></outcomeDeclaration><itemBody><choiceInteraction responseIdentifier="RESPONSE" shuffle="true" maxChoices="1"><prompt>Identify the ion: <math xmlns="http://www.w3.org/1998/Math/MathML" display="inline"><mrow><mi mathvariant="normal">S</mi><msub><mi>O</mi><msup><mn>4</mn><mrow><mn>2</mn><mo>-</mo></mrow></msup></msub></mrow></math></prompt><simpleChoice identifier="choice_0">Sulfate</simpleChoice><simpleChoice identifier="choice_1">Sulfite</simpleChoice></choiceInteraction></itemBody><responseProcessing template="http://www.imsglobal.org/question/qti_v2p1/rptemplates/match_correct"/></assessmentItem></assessmentSection></testPart></assessmentTest>