<?xml version="1.0" encoding="UTF-8"?><assessmentTest xmlns="http://www.imsglobal.org/xsd/imsqti_v2p1" identifier="assessment" title="Java II Programming Concepts"><testPart identifier="part1" navigationMode="linear" submissionMode="individual"><assessmentSection identifier="section1" title="Section 1" visible="true"><assessmentItem identifier="q1" title="Which statement is true about abstract classes in ..." adaptive="false" timeDependent="false"><responseDeclaration identifier="RESPONSE" cardinality="single" baseType="identifier"><correctResponse><value>choice_1</value></correctResponse></responseDeclaration><outcomeDeclaration identifier="SCORE" cardinality="single" baseType="float"><defaultValue><value>0</value></defaultValue></outcomeDeclaration><itemBody><choiceInteraction responseIdentifier="RESPONSE" shuffle="true" maxChoices="1"><prompt>Which statement is true about abstract classes in Java?</prompt><simpleChoice identifier="choice_0">An abstract class can be instantiated directly.</simpleChoice><simpleChoice identifier="choice_1">An abstract class can have both abstract and non-abstract methods.</simpleChoice><simpleChoice identifier="choice_2">All methods in an abstract class must be abstract.</simpleChoice><simpleChoice identifier="choice_3">An abstract class cannot have a constructor.</simpleChoice></choiceInteraction></itemBody><responseProcessing template="http://www.imsglobal.org/question/qti_v2p1/rptemplates/match_correct"/></assessmentItem><assessmentItem identifier="q2" title="Which of the following collections in Java do not ..." adaptive="false" timeDependent="false"><responseDeclaration identifier="RESPONSE" cardinality="multiple" baseType="identifier"><correctResponse><value>choice_0</value><value>choice_2</value></correctResponse></responseDeclaration><outcomeDeclaration identifier="SCORE" cardinality="single" baseType="float"><defaultValue><value>0</value></defaultValue></outcomeDeclaration><itemBody><choiceInteraction responseIdentifier="RESPONSE" shuffle="true" maxChoices="0"><prompt>Which of the following collections in Java do not allow duplicate elements? (Select all that apply)</prompt><simpleChoice identifier="choice_0">Set</simpleChoice><simpleChoice identifier="choice_1">List</simpleChoice><simpleChoice identifier="choice_2">HashSet</simpleChoice><simpleChoice identifier="choice_3">ArrayList</simpleChoice></choiceInteraction></itemBody><responseProcessing/></assessmentItem><assessmentItem identifier="q3" title="In Java, a class can inherit from multiple parent ..." adaptive="false" timeDependent="false"><responseDeclaration identifier="RESPONSE" cardinality="single" baseType="identifier"><correctResponse><value>choice_1</value></correctResponse></responseDeclaration><outcomeDeclaration identifier="SCORE" cardinality="single" baseType="float"><defaultValue><value>0</value></defaultValue></outcomeDeclaration><itemBody><choiceInteraction responseIdentifier="RESPONSE" shuffle="true" maxChoices="1"><prompt>In Java, a class can inherit from multiple parent classes (multiple inheritance).</prompt><simpleChoice identifier="choice_0">True</simpleChoice><simpleChoice identifier="choice_1">False</simpleChoice></choiceInteraction></itemBody><responseProcessing template="http://www.imsglobal.org/question/qti_v2p1/rptemplates/match_correct"/></assessmentItem><assessmentItem identifier="q4" title="What keyword is used to manually throw an exceptio..." adaptive="false" timeDependent="false"><responseDeclaration identifier="RESPONSE" cardinality="single" baseType="string"></responseDeclaration><outcomeDeclaration identifier="SCORE" cardinality="single" baseType="float"><defaultValue><value>0</value></defaultValue></outcomeDeclaration><itemBody><p>What keyword is used to manually throw an exception in Java?</p></itemBody><responseProcessing/></assessmentItem><assessmentItem identifier="q5" title="Explain the concept of polymorphism in object-orie..." adaptive="false" timeDependent="false"><responseDeclaration identifier="RESPONSE" cardinality="single" baseType="string"></responseDeclaration><outcomeDeclaration identifier="SCORE" cardinality="single" baseType="float"><defaultValue><value>0</value></defaultValue></outcomeDeclaration><itemBody><p>Explain the concept of polymorphism in object-oriented programming. Provide a simple Java code example that demonstrates polymorphism using a superclass and at least two subclasses.</p></itemBody><responseProcessing/></assessmentItem><assessmentItem identifier="q6" title="What is the primary purpose of Generics in Java?" adaptive="false" timeDependent="false"><responseDeclaration identifier="RESPONSE" cardinality="single" baseType="identifier"><correctResponse><value>choice_2</value></correctResponse></responseDeclaration><outcomeDeclaration identifier="SCORE" cardinality="single" baseType="float"><defaultValue><value>0</value></defaultValue></outcomeDeclaration><itemBody><choiceInteraction responseIdentifier="RESPONSE" shuffle="true" maxChoices="1"><prompt>What is the primary purpose of Generics in Java?</prompt><simpleChoice identifier="choice_0">To improve the performance of collection lookups.</simpleChoice><simpleChoice identifier="choice_1">To allow classes to inherit from multiple interfaces.</simpleChoice><simpleChoice identifier="choice_2">To provide type-safety for collections and classes at compile-time.</simpleChoice><simpleChoice identifier="choice_3">To automatically generate getter and setter methods.</simpleChoice></choiceInteraction></itemBody><responseProcessing template="http://www.imsglobal.org/question/qti_v2p1/rptemplates/match_correct"/></assessmentItem><assessmentItem identifier="q7" title="What interface must an object implement to be used..." adaptive="false" timeDependent="false"><responseDeclaration identifier="RESPONSE" cardinality="single" baseType="string"></responseDeclaration><outcomeDeclaration identifier="SCORE" cardinality="single" baseType="float"><defaultValue><value>0</value></defaultValue></outcomeDeclaration><itemBody><p>What interface must an object implement to be used as a key in a HashMap?</p></itemBody><responseProcessing/></assessmentItem><assessmentItem identifier="q8" title="What is the effect of using the `final` keyword in..." adaptive="false" timeDependent="false"><responseDeclaration identifier="RESPONSE" cardinality="multiple" baseType="identifier"><correctResponse><value>choice_0</value><value>choice_2</value><value>choice_3</value></correctResponse></responseDeclaration><outcomeDeclaration identifier="SCORE" cardinality="single" baseType="float"><defaultValue><value>0</value></defaultValue></outcomeDeclaration><itemBody><choiceInteraction responseIdentifier="RESPONSE" shuffle="true" maxChoices="0"><prompt>What is the effect of using the `final` keyword in Java? (Select all that apply)</prompt><simpleChoice identifier="choice_0">When applied to a variable, it makes it a constant (cannot be reassigned).</simpleChoice><simpleChoice identifier="choice_1">When applied to a a method, it can still be overridden by a subclass.</simpleChoice><simpleChoice identifier="choice_2">When applied to a class, it prevents the class from being subclassed.</simpleChoice><simpleChoice identifier="choice_3">When applied to a method, it prevents it from being overridden.</simpleChoice></choiceInteraction></itemBody><responseProcessing/></assessmentItem><assessmentItem identifier="q9" title="Run the command `ls -l | tee listing.txt` in your ..." adaptive="false" timeDependent="false"><responseDeclaration identifier="RESPONSE" cardinality="single" baseType="string"></responseDeclaration><outcomeDeclaration identifier="SCORE" cardinality="single" baseType="float"><defaultValue><value>0</value></defaultValue></outcomeDeclaration><itemBody><p>Run the command `ls -l | tee listing.txt` in your terminal and upload the resulting `listing.txt` file.</p></itemBody><responseProcessing/></assessmentItem></assessmentSection></testPart></assessmentTest>