<?xml version="1.0" encoding="UTF-8"?><assessmentTest xmlns="http://www.imsglobal.org/xsd/imsqti_v2p1" identifier="assessment" title="Quiz"><testPart identifier="part1" navigationMode="linear" submissionMode="individual"><assessmentSection identifier="section1" title="Section 1" visible="true"><assessmentItem identifier="q1" title="What is 2+2?" adaptive="false" timeDependent="false"><responseDeclaration identifier="RESPONSE" cardinality="single" baseType="identifier"><correctResponse><value>choice_1</value></correctResponse></responseDeclaration><outcomeDeclaration identifier="SCORE" cardinality="single" baseType="float"><defaultValue><value>0</value></defaultValue></outcomeDeclaration><itemBody><choiceInteraction responseIdentifier="RESPONSE" shuffle="true" maxChoices="1"><prompt>What is 2+2?</prompt><simpleChoice identifier="choice_0">3</simpleChoice><simpleChoice identifier="choice_1">4</simpleChoice><simpleChoice identifier="choice_2">5</simpleChoice></choiceInteraction></itemBody><responseProcessing template="http://www.imsglobal.org/question/qti_v2p1/rptemplates/match_correct"/></assessmentItem></assessmentSection></testPart></assessmentTest>